{
  "results": [
    {
      "command": "target/release/mandelbrot mandel.png 4000x3000 -1.2,0.35 -1,0.2",
      "mean": 0.54102486956,
      "stddev": 0.00840170539460186,
      "median": 0.53766874236,
      "user": 3.695693219999999,
      "system": 0.006394263999999999,
      "min": 0.53079478836,
      "max": 0.55696160836,
      "times": [
        0.53467935736,
        0.53641570836,
        0.53849071836,
        0.53620821836,
        0.53968132436,
        0.53684676636,
        0.55696160836,
        0.53079478836,
        0.55110843536,
        0.54906177036
      ],
      "exit_codes": [
        0,
        0,
        0,
        0,
        0,
        0,
        0,
        0,
        0,
        0
      ]
    }
  ]
}
