{
  "results": [
    {
      "command": "target/release/mandelbrot mandel.png 4000x3000 -1.2,0.35 -1,0.2",
      "mean": 3.15029310566,
      "stddev": 0.01648797624742658,
      "median": 3.14588687866,
      "user": 3.14579424,
      "system": 0.003445516,
      "min": 3.13991608416,
      "max": 3.19425438816,
      "times": [
        3.15249706416,
        3.19425438816,
        3.15294265416,
        3.13991608416,
        3.13998447616,
        3.14088260516,
        3.1509117721599997,
        3.13997124616,
        3.1406796141599997,
        3.15089115216
      ],
      "exit_codes": [
        0,
        0,
        0,
        0,
        0,
        0,
        0,
        0,
        0,
        0
      ]
    }
  ]
}
